-- TURMAS
INSERT INTO Turmas (id, nome) VALUES (1, '1º Ano A');
INSERT INTO Turmas (id, nome) VALUES (2, '2º Ano A');
INSERT INTO Turmas (id, nome) VALUES (3, '3º Ano A');
SELECT * FROM turmas;


-- ESTUDANTES
INSERT INTO Estudantes (sgde, nome, dataNascimento, senha, situacao) VALUES (1212962, 'ALBERTY SILVESTRE DE QUELUZ', '2009-01-29', '1212962ALBERTY', 'Em curso');
INSERT INTO Estudantes (sgde, nome, dataNascimento, senha, situacao) VALUES (1276518, 'ALINE DE FREITAS DA COSTA', '2009-11-08', '1276518ALINE ', 'Em curso');
INSERT INTO Estudantes (sgde, nome, dataNascimento, senha, situacao) VALUES (1246976, 'ANA BEATRIZ PEDRO DE SOUZA', '2010-04-01', '1246976ANA ', 'Transferido');
INSERT INTO Estudantes (sgde, nome, dataNascimento, senha, situacao) VALUES (1293378, 'ANDRE CARLOS ELIAS MARTIM', '2009-07-17', '1293378ANDRE ', 'Remanejado');
INSERT INTO Estudantes (sgde, nome, dataNascimento, senha, situacao) VALUES (1364566, 'ANNA CAROLINA BRAGANÇA DA SILVA SOUZA', '2009-12-17', '1364566ANNA ', 'Em curso');
INSERT INTO Estudantes (sgde, nome, dataNascimento, senha, situacao) VALUES (1361399, 'BIANKA OLIVEIRA DO AMARAL', '2010-03-26', '1361399BIANKA ', 'Em curso');
INSERT INTO Estudantes (sgde, nome, dataNascimento, senha, situacao) VALUES (1238597, 'BRUNO EDUARDO DE OLIVEIRA MOREIRA', '2009-09-24', '1238597BRUNO ', 'Em curso');
INSERT INTO Estudantes (sgde, nome, dataNascimento, senha, situacao) VALUES (1389677, 'BYANCA PEREIRA LIMA', '2009-08-14', '1389677BYANCA ', 'Em curso');
INSERT INTO Estudantes (sgde, nome, dataNascimento, senha, situacao) VALUES (1365243, 'CAMILLI VITÓRIA RIBEIRO GONÇALVES DE SOUZA', '2010-02-27', '1365243CAMILLI ', 'Em curso');
INSERT INTO Estudantes (sgde, nome, dataNascimento, senha, situacao) VALUES (1240534, 'DAFNY MARIA ROBERTA DO NASCIMENTO VALENTIN', '2010-03-31', '1240534DAFNY ', 'Em curso');
INSERT INTO Estudantes (sgde, nome, dataNascimento, senha, situacao) VALUES (1240747, 'DANIEL DA SILVA OLIVEIRA RIBEIRO', '2009-06-12', '1240747DANIEL ', 'Em curso');
INSERT INTO Estudantes (sgde, nome, dataNascimento, senha, situacao) VALUES (1145157, 'DAVID CAUÃ DA SILVA PEREIRA', '2009-04-05', '1145157DAVID ', 'Transferido');
INSERT INTO Estudantes (sgde, nome, dataNascimento, senha, situacao) VALUES (1210414, 'ELIAS BENJAMIM LUZ DE AMORIM', '2010-10-14', '1210414ELIAS ', 'Em curso');
INSERT INTO Estudantes (sgde, nome, dataNascimento, senha, situacao) VALUES (1354040, 'GABRIEL VENÂNCIO SILVA', '2009-04-07', '1354040GABRIEL ', 'Em curso');
INSERT INTO Estudantes (sgde, nome, dataNascimento, senha, situacao) VALUES (1360415, 'GUILHERME DOS SANTOS CARVALHO', '2009-08-07', '1360415GUILHERME ', 'Em curso');
INSERT INTO Estudantes (sgde, nome, dataNascimento, senha, situacao) VALUES (1241903, 'JADSON DE OLIVEIRA LEAL', '2009-02-16', '1241903JADSON ', 'Em curso');
INSERT INTO Estudantes (sgde, nome, dataNascimento, senha, situacao) VALUES (1261384, 'KAIO EMILIANO RODRIGUES DOS SANTOS', '2010-03-16', '1261384KAIO ', 'Em curso');
INSERT INTO Estudantes (sgde, nome, dataNascimento, senha, situacao) VALUES (1280014, 'KAUÃ HENRIQUE LIMA DE ARAÚJO', '2009-08-22', '1280014KAUÃ ', 'Transferido');
INSERT INTO Estudantes (sgde, nome, dataNascimento, senha, situacao) VALUES (1279598, 'KETHELLYN JAMYLI CONCEIÇÃO DE SOUSA', '2009-10-21', '1279598KETHELLYN ', 'Em curso');
INSERT INTO Estudantes (sgde, nome, dataNascimento, senha, situacao) VALUES (1279767, 'LAZARO DONIZETT DE SOUZA QUEIROZ NETTO', '2010-02-25', '1279767LAZARO ', 'Em curso');
INSERT INTO Estudantes (sgde, nome, dataNascimento, senha, situacao) VALUES (1243325, 'LEONARDO GABRIEL MACIEL DE OLIVEIRA', '2009-11-16', '1243325LEONARDO ', 'Em curso');
INSERT INTO Estudantes (sgde, nome, dataNascimento, senha, situacao) VALUES (1239648, 'LIVIA FERNANDA BILIBIO SILVA', '2009-06-28', '1239648LIVIA ', 'Em curso');
INSERT INTO Estudantes (sgde, nome, dataNascimento, senha, situacao) VALUES (1271691, 'LUCAS DE SOUZA DIAS', '2009-04-28', '1271691LUCAS ', 'Em curso');
INSERT INTO Estudantes (sgde, nome, dataNascimento, senha, situacao) VALUES (1240042, 'LUIZ EDUARDO RODRIGUES DA SILVA', '2010-02-07', '1240042LUIZ ', 'Em curso');
INSERT INTO Estudantes (sgde, nome, dataNascimento, senha, situacao) VALUES (1309949, 'LUIZ FERNANDO MEDEIROS SIQUEIRA', '2010-04-30', '1309949LUIZ ', 'Em curso');
INSERT INTO Estudantes (sgde, nome, dataNascimento, senha, situacao) VALUES (1239564, 'MARIA EDUARDA DA SILVA MAIA', '2010-02-18', '1239564MARIA ', 'Em curso');
INSERT INTO Estudantes (sgde, nome, dataNascimento, senha, situacao) VALUES (1222062, 'MARIA EDUARDA VERNECK ALVES', '2009-06-23', '1222062MARIA ', 'Cancelamento Renovação');
INSERT INTO Estudantes (sgde, nome, dataNascimento, senha, situacao) VALUES (1242309, 'MARIA FERNANDA COSTA DE FREITAS SANTOS', '2009-04-18', '1242309MARIA ', 'Em curso');
INSERT INTO Estudantes (sgde, nome, dataNascimento, senha, situacao) VALUES (1255097, 'MARIANE GOMES DA SILVA', '2010-01-24', '1255097MARIANE ', 'Em curso');
INSERT INTO Estudantes (sgde, nome, dataNascimento, senha, situacao) VALUES (1004900, 'MARIANNE DA SILVA DIAS', '2010-09-01', '1004900MARIANNE ', 'Em curso');
INSERT INTO Estudantes (sgde, nome, dataNascimento, senha, situacao) VALUES (1306324, 'MATEUS DE ARECO GIMENES', '2009-09-04', '1306324MATEUS ', 'Em curso');
INSERT INTO Estudantes (sgde, nome, dataNascimento, senha, situacao) VALUES (1246158, 'MAYCON VINICIUS LOPES DOS SANTOS PEREIRA', '2009-09-09', '1246158MAYCON ', 'Em curso');
INSERT INTO Estudantes (sgde, nome, dataNascimento, senha, situacao) VALUES (1274108, 'RAFAEL ALEXSSANDRO DA SILVA GUEDES', '2008-12-21', '1274108RAFAEL ', 'Em curso');
INSERT INTO Estudantes (sgde, nome, dataNascimento, senha, situacao) VALUES (1247706, 'RIQUELME DE MELO GOMES', '2009-12-12', '1247706RIQUELME ', 'Em curso');
INSERT INTO Estudantes (sgde, nome, dataNascimento, senha, situacao) VALUES (1256223, 'SOFHIA GARCIA FREIRE', '2008-12-23', '1256223SOFHIA ', 'Em curso');
INSERT INTO Estudantes (sgde, nome, dataNascimento, senha, situacao) VALUES (1243894, 'THAIS VITORIA DOS SANTOS COSTA', '2009-05-05', '1243894THAIS ', 'Em curso');
INSERT INTO Estudantes (sgde, nome, dataNascimento, senha, situacao) VALUES (1238722, 'VICTOR LOPES OLIVEIRA DE SOUSA', '2009-08-06', '1238722VICTOR ', 'Em curso');
INSERT INTO Estudantes (sgde, nome, dataNascimento, senha, situacao) VALUES (1427285, 'ALEXYS PIETRO ROCHA TIAGO', '2010-03-05', '1427285ALEXYS ', 'Em curso');
INSERT INTO Estudantes (sgde, nome, dataNascimento, senha, situacao) VALUES (1439542, 'VITOR EDUARDO BUENO FERREIRA', '2010-04-20', '1439542VITOR ', 'Em curso');
INSERT INTO Estudantes (sgde, nome, dataNascimento, senha, situacao) VALUES (1281420, 'ALEXIA CARDOSO DA SILVA BATISTA', '2008-07-11', '1281420ALEXIA ', 'Em curso');
INSERT INTO Estudantes (sgde, nome, dataNascimento, senha, situacao) VALUES (1315447, 'AMANDA NATACHA OLIVEIRA FUMAGALLI', '2009-02-23', '1315447AMANDA ', 'Em curso');
INSERT INTO Estudantes (sgde, nome, dataNascimento, senha, situacao) VALUES (1310984, 'ANA CLARA VARGAS DA SILVA SOARES', '2009-07-02', '1310984ANA ', 'Em curso');
INSERT INTO Estudantes (sgde, nome, dataNascimento, senha, situacao) VALUES (1316881, 'ARTHUR DE SOUZA FREITAS', '2009-02-03', '1316881ARTHUR ', 'Em curso');
INSERT INTO Estudantes (sgde, nome, dataNascimento, senha, situacao) VALUES (1211792, 'CAROLINE GOMES DA SILVA', '2008-11-19', '1211792CAROLINE ', 'Em curso');
INSERT INTO Estudantes (sgde, nome, dataNascimento, senha, situacao) VALUES (1281065, 'DOMITYLLA LUDOVICO DIAS', '2008-08-08', '1281065DOMITYLLA ', 'Em curso');
INSERT INTO Estudantes (sgde, nome, dataNascimento, senha, situacao) VALUES (1216671, 'EDUARDO ALEXANDRE SILVA DE OLIVEIRA', '2008-04-14', '1216671EDUARDO ', 'Em curso');
INSERT INTO Estudantes (sgde, nome, dataNascimento, senha, situacao) VALUES (1129889, 'EMILLY GABRIELY SOUZA CUSTODIO', '2008-05-06', '1129889EMILLY ', 'Em curso');
INSERT INTO Estudantes (sgde, nome, dataNascimento, senha, situacao) VALUES (1222437, 'EMILY DAMARIS MARTINEZ MIRANDA', '2008-12-04', '1222437EMILY ', 'Em curso');
INSERT INTO Estudantes (sgde, nome, dataNascimento, senha, situacao) VALUES (1313338, 'ERIKA MARINHO DOS SANTOS', '2008-10-06', '1313338ERIKA ', 'Em curso');
INSERT INTO Estudantes (sgde, nome, dataNascimento, senha, situacao) VALUES (1243257, 'GABRIEL SILVA SANTOS', '2008-03-13', '1243257GABRIEL ', 'Transferido');
INSERT INTO Estudantes (sgde, nome, dataNascimento, senha, situacao) VALUES (1201118, 'IASMYN VITORYA DE SOUZA VIEIRA', '2008-10-19', '1201118IASMYN ', 'Transferido');
INSERT INTO Estudantes (sgde, nome, dataNascimento, senha, situacao) VALUES (1317573, 'JOÃO LUCAS RODRIGUES DE OLIVEIRA', '2008-05-20', '1317573JOÃO ', 'Em curso');
INSERT INTO Estudantes (sgde, nome, dataNascimento, senha, situacao) VALUES (1260376, 'JOSE JUAN DOS SANTOS DA SILVA', '2008-06-19', '1260376JOSE ', 'Em curso');
INSERT INTO Estudantes (sgde, nome, dataNascimento, senha, situacao) VALUES (1333907, 'JULIO GABRIEL ORTIZ DUTRA', '2009-11-03', '1333907JULIO ', 'Em curso');
INSERT INTO Estudantes (sgde, nome, dataNascimento, senha, situacao) VALUES (1222615, 'KAIO ANSELMO DIAS', '2008-05-31', '1222615KAIO ', 'Transferido');
INSERT INTO Estudantes (sgde, nome, dataNascimento, senha, situacao) VALUES (1131391, 'KIMBERLYN RAYSSA DE OLIVEIRA BATISTA', '2009-12-03', '1131391KIMBERLYN ', 'Em curso');
INSERT INTO Estudantes (sgde, nome, dataNascimento, senha, situacao) VALUES (1291724, 'LAISA MARTINELLI LOPES', '2009-03-20', '1291724LAISA ', 'Em curso');
INSERT INTO Estudantes (sgde, nome, dataNascimento, senha, situacao) VALUES (1321311, 'LUCAS FERNANDES DE OLIVEIRA', '2008-04-29', '1321311LUCAS ', 'Em curso');
INSERT INTO Estudantes (sgde, nome, dataNascimento, senha, situacao) VALUES (1220205, 'LUIZ EDUARDO CRUZ SANTOS', '2009-02-22', '1220205LUIZ ', 'Em curso');
INSERT INTO Estudantes (sgde, nome, dataNascimento, senha, situacao) VALUES (1322894, 'LUIZ FERNANDO BAIZ BARROS DOS SANTOS', '2008-09-18', '1322894LUIZ ', 'Em curso');
INSERT INTO Estudantes (sgde, nome, dataNascimento, senha, situacao) VALUES (1220631, 'MARIA BIANCA LAUANY RODRIGUES DE SOUSA', '2008-03-18', '1220631MARIA ', 'Em curso');
INSERT INTO Estudantes (sgde, nome, dataNascimento, senha, situacao) VALUES (1219033, 'MARIA EDUARDA FELIX CANASSA', '2008-04-14', '1219033MARIA ', 'Em curso');
INSERT INTO Estudantes (sgde, nome, dataNascimento, senha, situacao) VALUES (1259553, 'MARIA HELOISA DA SILVA BORGES', '2008-06-25', '1259553MARIA ', 'Em curso');
INSERT INTO Estudantes (sgde, nome, dataNascimento, senha, situacao) VALUES (1220076, 'MAYARA GABRIELY NOGUEIRA DUTRA FERREIRA', '2008-04-06', '1220076MAYARA ', 'Em curso');
INSERT INTO Estudantes (sgde, nome, dataNascimento, senha, situacao) VALUES (1394245, 'MONIQUE MARIA DOS SANTOS SILVA', '2007-04-16', '1394245MONIQUE ', 'Em curso');
INSERT INTO Estudantes (sgde, nome, dataNascimento, senha, situacao) VALUES (1118491, 'PAULA MIKAELLY ALVES DA SILVA', '2008-02-12', '1118491PAULA ', 'Transferido');
INSERT INTO Estudantes (sgde, nome, dataNascimento, senha, situacao) VALUES (1328554, 'PIETRO OLIVEIRA CABRAL TENÓRIO', '2008-08-19', '1328554PIETRO ', 'Em curso');
INSERT INTO Estudantes (sgde, nome, dataNascimento, senha, situacao) VALUES (1215543, 'RAKELLY VIANA DA SILVA', '2008-10-25', '1215543RAKELLY ', 'Em curso');
INSERT INTO Estudantes (sgde, nome, dataNascimento, senha, situacao) VALUES (1328045, 'RAYSSA GRAZYELE GUSTAVO DA SILVA', '2009-02-18', '1328045RAYSSA ', 'Em curso');
INSERT INTO Estudantes (sgde, nome, dataNascimento, senha, situacao) VALUES (1114118, 'RENATA GONÇALVES OZANICHI DA SILVA', '2008-04-18', '1114118RENATA ', 'Remanejado');
INSERT INTO Estudantes (sgde, nome, dataNascimento, senha, situacao) VALUES (1266137, 'RÔMULO OLIVEIRA PAES DOS SANTOS', '2009-04-14', '1266137RÔMULO ', 'Transferido');
INSERT INTO Estudantes (sgde, nome, dataNascimento, senha, situacao) VALUES (855254, 'SAMIRECE FABIANA DE SOUZA CARDENAS', '2009-01-23', '855254SAMIRECE ', 'Em curso');
INSERT INTO Estudantes (sgde, nome, dataNascimento, senha, situacao) VALUES (1085108, 'THAYNA CRISTINA APARECIDA RIBEIRO FLORÊNCIO', '2009-03-17', '1085108THAYNA ', 'Em curso');
INSERT INTO Estudantes (sgde, nome, dataNascimento, senha, situacao) VALUES (1206288, 'VICTOR DANIEL DE SOUZA SILVA', '2009-01-28', '1206288VICTOR ', 'Em curso');
INSERT INTO Estudantes (sgde, nome, dataNascimento, senha, situacao) VALUES (1241919, 'WELINTON GABRIEL DE OLIVEIRA MAGALHÃES', '2008-10-02', '1241919WELINTON ', 'Em curso');
INSERT INTO Estudantes (sgde, nome, dataNascimento, senha, situacao) VALUES (1310674, 'EMMANUEL MAXIAS DE SALES', '2006-06-02', '1310674EMMANUEL ', 'Em curso');
INSERT INTO Estudantes (sgde, nome, dataNascimento, senha, situacao) VALUES (1218521, 'ANA VICTORIA FERRARI DA CRUZ', '2008-05-05', '1218521ANA ', 'Em curso');
INSERT INTO Estudantes (sgde, nome, dataNascimento, senha, situacao) VALUES (1243351, 'THATIELY MAYARA DOS SANTOS COSTA', '2007-03-28', '1243351THATIELY ', 'Em curso');
INSERT INTO Estudantes (sgde, nome, dataNascimento, senha, situacao) VALUES (1259143, 'ANA VITORIA MORALES RAMIRES DIAS', '2006-05-15', '1259143ANA ', 'Em curso');
INSERT INTO Estudantes (sgde, nome, dataNascimento, senha, situacao) VALUES (1267408, 'ANNY IZABELLA DE MORAIS ROMÃO', '2007-06-04', '1267408ANNY ', 'Em curso');
INSERT INTO Estudantes (sgde, nome, dataNascimento, senha, situacao) VALUES (1316791, 'BEATRIZ PEREIRA ALVES', '2008-07-03', '1316791BEATRIZ ', 'Em curso');
INSERT INTO Estudantes (sgde, nome, dataNascimento, senha, situacao) VALUES (1193710, 'BRUNO OTAVIO GOMES DA SILVA', '2007-12-14', '1193710BRUNO ', 'Em curso');
INSERT INTO Estudantes (sgde, nome, dataNascimento, senha, situacao) VALUES (1208563, 'CAIO JUNIOR SOUZA NEVES', '2007-02-11', '1208563CAIO ', 'Em curso');
INSERT INTO Estudantes (sgde, nome, dataNascimento, senha, situacao) VALUES (1325240, 'CAUÃ PEREIRA SANTOS', '2007-06-02', '1325240CAUÃ ', 'Em curso');
INSERT INTO Estudantes (sgde, nome, dataNascimento, senha, situacao) VALUES (707039, 'ERICK ARAÚJO CORSATTO', '2006-07-22', '707039ERICK ', 'Em curso');
INSERT INTO Estudantes (sgde, nome, dataNascimento, senha, situacao) VALUES (1162303, 'EVELYN MORAES ARAUJO', '2006-12-21', '1162303EVELYN ', 'Em curso');
INSERT INTO Estudantes (sgde, nome, dataNascimento, senha, situacao) VALUES (1168489, 'FELIPE DA SILVA SANTOS', '2007-07-22', '1168489FELIPE ', 'Em curso');
INSERT INTO Estudantes (sgde, nome, dataNascimento, senha, situacao) VALUES (1295566, 'GABRIELLY ANJOS BARBOSA', '2008-01-29', '1295566GABRIELLY ', 'Em curso');
INSERT INTO Estudantes (sgde, nome, dataNascimento, senha, situacao) VALUES (1168967, 'GEOVANA ARAÚJO DE JESUS', '2007-04-21', '1168967GEOVANA ', 'Em curso');
INSERT INTO Estudantes (sgde, nome, dataNascimento, senha, situacao) VALUES (1161208, 'GUSTAVO FERREIRA DE LIMA', '2007-11-10', '1161208GUSTAVO ', 'Em curso');
INSERT INTO Estudantes (sgde, nome, dataNascimento, senha, situacao) VALUES (1221388, 'IGOR VINICIUS AGUILAR CRUZ', '2007-11-23', '1221388IGOR ', 'Em curso');
INSERT INTO Estudantes (sgde, nome, dataNascimento, senha, situacao) VALUES (969580, 'JOÃO VITOR LUIZ DA SILVA', '2007-05-07', '969580JOÃO ', 'Em curso');
INSERT INTO Estudantes (sgde, nome, dataNascimento, senha, situacao) VALUES (1379735, 'KAMILA LIMA DA SILVA', '2008-03-25', '1379735KAMILA ', 'Em curso');
INSERT INTO Estudantes (sgde, nome, dataNascimento, senha, situacao) VALUES (992287, 'LARISSA MICHELLY GENQUITE CESTI WAISSMANN', '2008-11-18', '992287LARISSA ', 'Transferido');
INSERT INTO Estudantes (sgde, nome, dataNascimento, senha, situacao) VALUES (1191812, 'LAURA VITORIA DE ALMEIDA ALVES', '2007-08-27', '1191812LAURA ', 'Em curso');
INSERT INTO Estudantes (sgde, nome, dataNascimento, senha, situacao) VALUES (1179747, 'LEANDRA SOARES SILVEIRA', '2007-12-21', '1179747LEANDRA ', 'Em curso');
INSERT INTO Estudantes (sgde, nome, dataNascimento, senha, situacao) VALUES (793164, 'LIVIA TAYELLE GARCIA DINIZ', '2008-03-19', '793164LIVIA ', 'Em curso');
INSERT INTO Estudantes (sgde, nome, dataNascimento, senha, situacao) VALUES (1158805, 'LUIZ HENRIQUE DE ARAÚJO ALVES', '2007-05-10', '1158805LUIZ ', 'Em curso');
INSERT INTO Estudantes (sgde, nome, dataNascimento, senha, situacao) VALUES (1166934, 'MARJORY DE FARIA CÂNDIA', '2008-05-14', '1166934MARJORY ', 'Em curso');
INSERT INTO Estudantes (sgde, nome, dataNascimento, senha, situacao) VALUES (1207880, 'MARYA EDUARDA ANSELMO SANTOS', '2008-01-03', '1207880MARYA ', 'Em curso');
INSERT INTO Estudantes (sgde, nome, dataNascimento, senha, situacao) VALUES (877663, 'NICOLY KAROLINE DA SILVA PEREIRA', '2007-08-27', '877663NICOLY ', 'Transferido');
INSERT INTO Estudantes (sgde, nome, dataNascimento, senha, situacao) VALUES (1154673, 'RUBENS RODRIGUES PIMENTEL', '2007-05-09', '1154673RUBENS ', 'Em curso');
INSERT INTO Estudantes (sgde, nome, dataNascimento, senha, situacao) VALUES (793120, 'SABRYNE MHAYARA ALVES OLIVEIRA', '2007-09-08', '793120SABRYNE ', 'Transferido');
INSERT INTO Estudantes (sgde, nome, dataNascimento, senha, situacao) VALUES (1159668, 'SARA DA SILVA NASCIMENTO', '2008-06-23', '1159668SARA ', 'Em curso');
INSERT INTO Estudantes (sgde, nome, dataNascimento, senha, situacao) VALUES (1172195, 'SARAH GOMES FERREIRA', '2007-08-22', '1172195SARAH ', 'Em curso');
INSERT INTO Estudantes (sgde, nome, dataNascimento, senha, situacao) VALUES (1104626, 'VITOR ALVES DOS SANTOS', '2007-10-31', '1104626VITOR ', 'Em curso');
INSERT INTO Estudantes (sgde, nome, dataNascimento, senha, situacao) VALUES (1316531, 'VITOR KAUAN VIEIRA ROCHA', '2007-07-11', '1316531VITOR ', 'Em curso');
INSERT INTO Estudantes (sgde, nome, dataNascimento, senha, situacao) VALUES (1315216, 'VITOR VINÍCIUS OLIVEIRA CERQUEIRA', '2007-08-08', '1315216VITOR ', 'Transferido');
INSERT INTO Estudantes (sgde, nome, dataNascimento, senha, situacao) VALUES (1160456, 'YASMIN MORAIS VALDEZ', '2008-02-08', '1160456YASMIN ', 'Em curso');
INSERT INTO Estudantes (sgde, nome, dataNascimento, senha, situacao) VALUES (1172674, 'YASMIN DOS SANTOS QUEIROZ SILVA', '2007-08-24', '1172674YASMIN ', 'Em curso');
INSERT INTO Estudantes (sgde, nome, dataNascimento, senha, situacao) VALUES (1165925, 'IVANA SANTANA CORREIA', '2008-02-01', '1165925IVANA ', 'Em curso');
SELECT * FROM estudantes;

-- PROFESSORES
INSERT INTO Professores (id, nome) VALUES (1, 'ADAUTO GUSMÃO DE LIMA' );
INSERT INTO Professores (id, nome) VALUES (2, 'AMANDA CLEMENTE CAVALCANTE UCHOA' );
INSERT INTO Professores (id, nome) VALUES (3, 'CAROLINE DE OLIVEIRA MARTINS HALL' );
INSERT INTO Professores (id, nome) VALUES (4, 'DANIEL OLIVEIRA MONTEIRO' );
INSERT INTO Professores (id, nome) VALUES (5, 'DIEGO ALVARO DA SILVA OLIVEIRA' );
INSERT INTO Professores (id, nome) VALUES (6, 'IZABEL CAROLINA DA SILVA' );
INSERT INTO Professores (id, nome) VALUES (7, 'JACKELINE HURTADO' );
INSERT INTO Professores (id, nome) VALUES (8, 'JOAO PAULO GONÇALVES SILVA' );
INSERT INTO Professores (id, nome) VALUES (9, 'LAERCIO VENICIO LEAL' );
INSERT INTO Professores (id, nome) VALUES (10, 'MARIO MARCIO GEMINIANO' );
INSERT INTO Professores (id, nome) VALUES (11, 'MIKAELI CRISTIANE SILVA NASCIMENTO MORAES' );
INSERT INTO Professores (id, nome) VALUES (12, 'MILENE SOARES ALVES' );
INSERT INTO Professores (id, nome) VALUES (13, 'NATALIA THAYISSE DA SILVA CANASSA' );
INSERT INTO Professores (id, nome) VALUES (15, 'NELSON JOSE CHERICO JUNIOR' );
INSERT INTO Professores (id, nome) VALUES (16, 'RENATA BUENO PEREIRA' );
INSERT INTO Professores (id, nome) VALUES (17, 'RODRIGO MARQUES VAZ' );
INSERT INTO Professores (id, nome) VALUES (18, 'WESLEY DE PAULA DAVID' );
SELECT * FROM professores;


-- DISCIPLINAS
INSERT INTO Disciplinas (id, nome, chanual, professor_id, turma_id) VALUES (1188689, 'Matemática', 80, 16, 1);
INSERT INTO Disciplinas (id, nome, chanual, professor_id, turma_id) VALUES (1188690, 'Matemática - Geometria', 40, 16, 1);
INSERT INTO Disciplinas (id, nome, chanual, professor_id, turma_id) VALUES (1188687, 'Língua Portuguesa', 80, 13, 1);
INSERT INTO Disciplinas (id, nome, chanual, professor_id, turma_id) VALUES (1188688, 'Língua Portuguesa - Literatura e Produção Textual', 40, 6, 1);
INSERT INTO Disciplinas (id, nome, chanual, professor_id, turma_id) VALUES (1188678, 'Arte', 40, 1, 1);
INSERT INTO Disciplinas (id, nome, chanual, professor_id, turma_id) VALUES (1188680, 'Educação Física', 40, 12, 1);
INSERT INTO Disciplinas (id, nome, chanual, professor_id, turma_id) VALUES (1188686, 'Língua Inglesa', 80, 2, 1);
INSERT INTO Disciplinas (id, nome, chanual, professor_id, turma_id) VALUES (1188679, 'Biologia', 80, 3, 1);
INSERT INTO Disciplinas (id, nome, chanual, professor_id, turma_id) VALUES (1188682, 'Física', 80, 4, 1);
INSERT INTO Disciplinas (id, nome, chanual, professor_id, turma_id) VALUES (1188692, 'Química', 80, 11, 1);
INSERT INTO Disciplinas (id, nome, chanual, professor_id, turma_id) VALUES (1188681, 'Filosofia', 40, 15, 1);
INSERT INTO Disciplinas (id, nome, chanual, professor_id, turma_id) VALUES (1188683, 'Geografia', 80, 10, 1);
INSERT INTO Disciplinas (id, nome, chanual, professor_id, turma_id) VALUES (1188684, 'História', 80, 7, 1);
INSERT INTO Disciplinas (id, nome, chanual, professor_id, turma_id) VALUES (1188693, 'Sociologia', 40, 18, 1);
INSERT INTO Disciplinas (id, nome, chanual, professor_id, turma_id) VALUES (1188878, 'Matemática', 120, 8, 2);
INSERT INTO Disciplinas (id, nome, chanual, professor_id, turma_id) VALUES (1188879, 'Matemática - Geometria', 40, 9, 2);
INSERT INTO Disciplinas (id, nome, chanual, professor_id, turma_id) VALUES (1188875, 'Língua Portuguesa', 120, 13, 2);
INSERT INTO Disciplinas (id, nome, chanual, professor_id, turma_id) VALUES (1188876, 'Língua Portuguesa - Literatura e Produção Textual', 40, 6, 2);
INSERT INTO Disciplinas (id, nome, chanual, professor_id, turma_id) VALUES (1188867, 'Arte', 40, 1, 2);
INSERT INTO Disciplinas (id, nome, chanual, professor_id, turma_id) VALUES (1188869, 'Educação Física', 40, 12, 2);
INSERT INTO Disciplinas (id, nome, chanual, professor_id, turma_id) VALUES (1188874, 'Língua Inglesa', 80, 2, 2);
INSERT INTO Disciplinas (id, nome, chanual, professor_id, turma_id) VALUES (1188868, 'Biologia', 80, 3, 2);
INSERT INTO Disciplinas (id, nome, chanual, professor_id, turma_id) VALUES (1188871, 'Física', 80, 4, 2);
INSERT INTO Disciplinas (id, nome, chanual, professor_id, turma_id) VALUES (1188881, 'Química', 80, 11, 2);
INSERT INTO Disciplinas (id, nome, chanual, professor_id, turma_id) VALUES (1188870, 'Filosofia', 40, 15, 2);
INSERT INTO Disciplinas (id, nome, chanual, professor_id, turma_id) VALUES (1188872, 'Geografia', 80, 10, 2);
INSERT INTO Disciplinas (id, nome, chanual, professor_id, turma_id) VALUES (1188873, 'História', 80, 7, 2);
INSERT INTO Disciplinas (id, nome, chanual, professor_id, turma_id) VALUES (118882, 'Sociologia', 40, 18, 2);
INSERT INTO Disciplinas (id, nome, chanual, professor_id, turma_id) VALUES (1189038, 'Matemática', 80, 17, 3);
INSERT INTO Disciplinas (id, nome, chanual, professor_id, turma_id) VALUES (1189039, 'Matemática - Geometria', 40, 8, 3);
INSERT INTO Disciplinas (id, nome, chanual, professor_id, turma_id) VALUES (1189036, 'Língua Portuguesa', 80, 13, 3);
INSERT INTO Disciplinas (id, nome, chanual, professor_id, turma_id) VALUES (1189037, 'Língua Portuguesa - Literatura e Produção Textual', 40, 6, 3);
INSERT INTO Disciplinas (id, nome, chanual, professor_id, turma_id) VALUES (1189027, 'Arte', 40, 1, 3);
INSERT INTO Disciplinas (id, nome, chanual, professor_id, turma_id) VALUES (1189029, 'Educação Física', 40, 12, 3);
INSERT INTO Disciplinas (id, nome, chanual, professor_id, turma_id) VALUES (1189035, 'Língua Inglesa', 80, 5, 3);
INSERT INTO Disciplinas (id, nome, chanual, professor_id, turma_id) VALUES (1189028, 'Biologia', 80, 3, 3);
INSERT INTO Disciplinas (id, nome, chanual, professor_id, turma_id) VALUES (1189032, 'Física', 80, 4, 3);
INSERT INTO Disciplinas (id, nome, chanual, professor_id, turma_id) VALUES (1189041, 'Química', 80, 11, 3);
INSERT INTO Disciplinas (id, nome, chanual, professor_id, turma_id) VALUES (1189031, 'Filosofia', 40, 15, 3);
INSERT INTO Disciplinas (id, nome, chanual, professor_id, turma_id) VALUES (1189033, 'Geografia', 80, 10, 3);
INSERT INTO Disciplinas (id, nome, chanual, professor_id, turma_id) VALUES (1189034, 'História', 80, 7, 3);
INSERT INTO Disciplinas (id, nome, chanual, professor_id, turma_id) VALUES (1189042, 'Sociologia', 40, 18, 3);
SELECT * FROM disciplinas;


-- MATRICULAS
INSERT INTO Matriculas (estudante_id, turma_id, ano) VALUES (1212962, 1, 2025);
INSERT INTO Matriculas (estudante_id, turma_id, ano) VALUES (1276518, 1, 2025);
INSERT INTO Matriculas (estudante_id, turma_id, ano) VALUES (1246976, 1, 2025);
INSERT INTO Matriculas (estudante_id, turma_id, ano) VALUES (1293378, 1, 2025);
INSERT INTO Matriculas (estudante_id, turma_id, ano) VALUES (1364566, 1, 2025);
INSERT INTO Matriculas (estudante_id, turma_id, ano) VALUES (1361399, 1, 2025);
INSERT INTO Matriculas (estudante_id, turma_id, ano) VALUES (1238597, 1, 2025);
INSERT INTO Matriculas (estudante_id, turma_id, ano) VALUES (1389677, 1, 2025);
INSERT INTO Matriculas (estudante_id, turma_id, ano) VALUES (1365243, 1, 2025);
INSERT INTO Matriculas (estudante_id, turma_id, ano) VALUES (1240534, 1, 2025);
INSERT INTO Matriculas (estudante_id, turma_id, ano) VALUES (1240747, 1, 2025);
INSERT INTO Matriculas (estudante_id, turma_id, ano) VALUES (1145157, 1, 2025);
INSERT INTO Matriculas (estudante_id, turma_id, ano) VALUES (1210414, 1, 2025);
INSERT INTO Matriculas (estudante_id, turma_id, ano) VALUES (1354040, 1, 2025);
INSERT INTO Matriculas (estudante_id, turma_id, ano) VALUES (1360415, 1, 2025);
INSERT INTO Matriculas (estudante_id, turma_id, ano) VALUES (1241903, 1, 2025);
INSERT INTO Matriculas (estudante_id, turma_id, ano) VALUES (1261384, 1, 2025);
INSERT INTO Matriculas (estudante_id, turma_id, ano) VALUES (1280014, 1, 2025);
INSERT INTO Matriculas (estudante_id, turma_id, ano) VALUES (1279598, 1, 2025);
INSERT INTO Matriculas (estudante_id, turma_id, ano) VALUES (1191812, 1, 2025);
INSERT INTO Matriculas (estudante_id, turma_id, ano) VALUES (1179747, 1, 2025);
INSERT INTO Matriculas (estudante_id, turma_id, ano) VALUES (1179747, 1, 2025);
INSERT INTO Matriculas (estudante_id, turma_id, ano) VALUES (793164, 1, 2025);
INSERT INTO Matriculas (estudante_id, turma_id, ano) VALUES (793164, 1, 2025);
INSERT INTO Matriculas (estudante_id, turma_id, ano) VALUES (793164, 1, 2025);
INSERT INTO Matriculas (estudante_id, turma_id, ano) VALUES (1158805, 1, 2025);
INSERT INTO Matriculas (estudante_id, turma_id, ano) VALUES (1158805, 1, 2025);
INSERT INTO Matriculas (estudante_id, turma_id, ano) VALUES (1158805, 1, 2025);
INSERT INTO Matriculas (estudante_id, turma_id, ano) VALUES (1158805, 1, 2025);
INSERT INTO Matriculas (estudante_id, turma_id, ano) VALUES (1158805, 1, 2025);
INSERT INTO Matriculas (estudante_id, turma_id, ano) VALUES (1207880, 1, 2025);
INSERT INTO Matriculas (estudante_id, turma_id, ano) VALUES (1207880, 1, 2025);
INSERT INTO Matriculas (estudante_id, turma_id, ano) VALUES (877663, 1, 2025);
INSERT INTO Matriculas (estudante_id, turma_id, ano) VALUES (877663, 1, 2025);
INSERT INTO Matriculas (estudante_id, turma_id, ano) VALUES (1172195, 1, 2025);
INSERT INTO Matriculas (estudante_id, turma_id, ano) VALUES (1172195, 1, 2025);
INSERT INTO Matriculas (estudante_id, turma_id, ano) VALUES (1172195, 1, 2025);
INSERT INTO Matriculas (estudante_id, turma_id, ano) VALUES (1212962, 1, 2025);
INSERT INTO Matriculas (estudante_id, turma_id, ano) VALUES (1104626, 1, 2025);
INSERT INTO Matriculas (estudante_id, turma_id, ano) VALUES (1212962, 2, 2025);
INSERT INTO Matriculas (estudante_id, turma_id, ano) VALUES (1276518, 2, 2025);
INSERT INTO Matriculas (estudante_id, turma_id, ano) VALUES (1246976, 2, 2025);
INSERT INTO Matriculas (estudante_id, turma_id, ano) VALUES (1364566, 2, 2025);
INSERT INTO Matriculas (estudante_id, turma_id, ano) VALUES (1365243, 2, 2025);
INSERT INTO Matriculas (estudante_id, turma_id, ano) VALUES (1145157, 2, 2025);
INSERT INTO Matriculas (estudante_id, turma_id, ano) VALUES (1145157, 2, 2025);
INSERT INTO Matriculas (estudante_id, turma_id, ano) VALUES (1210414, 2, 2025);
INSERT INTO Matriculas (estudante_id, turma_id, ano) VALUES (1210414, 2, 2025);
INSERT INTO Matriculas (estudante_id, turma_id, ano) VALUES (1210414, 2, 2025);
INSERT INTO Matriculas (estudante_id, turma_id, ano) VALUES (1210414, 2, 2025);
INSERT INTO Matriculas (estudante_id, turma_id, ano) VALUES (1360415, 2, 2025);
INSERT INTO Matriculas (estudante_id, turma_id, ano) VALUES (1241903, 2, 2025);
INSERT INTO Matriculas (estudante_id, turma_id, ano) VALUES (1241903, 2, 2025);
INSERT INTO Matriculas (estudante_id, turma_id, ano) VALUES (1241903, 2, 2025);
INSERT INTO Matriculas (estudante_id, turma_id, ano) VALUES (1241903, 2, 2025);
INSERT INTO Matriculas (estudante_id, turma_id, ano) VALUES (1379735, 2, 2025);
INSERT INTO Matriculas (estudante_id, turma_id, ano) VALUES (1379735, 2, 2025);
INSERT INTO Matriculas (estudante_id, turma_id, ano) VALUES (793164, 2, 2025);
INSERT INTO Matriculas (estudante_id, turma_id, ano) VALUES (793164, 2, 2025);
INSERT INTO Matriculas (estudante_id, turma_id, ano) VALUES (793164, 2, 2025);
INSERT INTO Matriculas (estudante_id, turma_id, ano) VALUES (1158805, 2, 2025);
INSERT INTO Matriculas (estudante_id, turma_id, ano) VALUES (1158805, 2, 2025);
INSERT INTO Matriculas (estudante_id, turma_id, ano) VALUES (1158805, 2, 2025);
INSERT INTO Matriculas (estudante_id, turma_id, ano) VALUES (1207880, 2, 2025);
INSERT INTO Matriculas (estudante_id, turma_id, ano) VALUES (1207880, 2, 2025);
INSERT INTO Matriculas (estudante_id, turma_id, ano) VALUES (877663, 2, 2025);
INSERT INTO Matriculas (estudante_id, turma_id, ano) VALUES (877663, 2, 2025);
INSERT INTO Matriculas (estudante_id, turma_id, ano) VALUES (877663, 2, 2025);
INSERT INTO Matriculas (estudante_id, turma_id, ano) VALUES (877663, 2, 2025);
INSERT INTO Matriculas (estudante_id, turma_id, ano) VALUES (877663, 2, 2025);
INSERT INTO Matriculas (estudante_id, turma_id, ano) VALUES (877663, 2, 2025);
INSERT INTO Matriculas (estudante_id, turma_id, ano) VALUES (793120, 2, 2025);
INSERT INTO Matriculas (estudante_id, turma_id, ano) VALUES (1172195, 2, 2025);
INSERT INTO Matriculas (estudante_id, turma_id, ano) VALUES (1172195, 2, 2025);
INSERT INTO Matriculas (estudante_id, turma_id, ano) VALUES (1315216, 2, 2025);
INSERT INTO Matriculas (estudante_id, turma_id, ano) VALUES (1210414, 2, 2025);
INSERT INTO Matriculas (estudante_id, turma_id, ano) VALUES (1246976, 2, 2025);
INSERT INTO Matriculas (estudante_id, turma_id, ano) VALUES (1172195, 2, 2025);
INSERT INTO Matriculas (estudante_id, turma_id, ano) VALUES (1246976, 3, 2025);
INSERT INTO Matriculas (estudante_id, turma_id, ano) VALUES (1364566, 3, 2025);
INSERT INTO Matriculas (estudante_id, turma_id, ano) VALUES (1364566, 3, 2025);
INSERT INTO Matriculas (estudante_id, turma_id, ano) VALUES (1238597, 3, 2025);
INSERT INTO Matriculas (estudante_id, turma_id, ano) VALUES (1389677, 3, 2025);
INSERT INTO Matriculas (estudante_id, turma_id, ano) VALUES (1365243, 3, 2025);
INSERT INTO Matriculas (estudante_id, turma_id, ano) VALUES (1210414, 3, 2025);
INSERT INTO Matriculas (estudante_id, turma_id, ano) VALUES (1210414, 3, 2025);
INSERT INTO Matriculas (estudante_id, turma_id, ano) VALUES (1210414, 3, 2025);
INSERT INTO Matriculas (estudante_id, turma_id, ano) VALUES (1354040, 3, 2025);
INSERT INTO Matriculas (estudante_id, turma_id, ano) VALUES (1354040, 3, 2025);
INSERT INTO Matriculas (estudante_id, turma_id, ano) VALUES (1360415, 3, 2025);
INSERT INTO Matriculas (estudante_id, turma_id, ano) VALUES (1360415, 3, 2025);
INSERT INTO Matriculas (estudante_id, turma_id, ano) VALUES (1241903, 3, 2025);
INSERT INTO Matriculas (estudante_id, turma_id, ano) VALUES (1261384, 3, 2025);
INSERT INTO Matriculas (estudante_id, turma_id, ano) VALUES (992287, 3, 2025);
INSERT INTO Matriculas (estudante_id, turma_id, ano) VALUES (1191812, 3, 2025);
INSERT INTO Matriculas (estudante_id, turma_id, ano) VALUES (1179747, 3, 2025);
INSERT INTO Matriculas (estudante_id, turma_id, ano) VALUES (793164, 3, 2025);
INSERT INTO Matriculas (estudante_id, turma_id, ano) VALUES (1158805, 3, 2025);
INSERT INTO Matriculas (estudante_id, turma_id, ano) VALUES (1166934, 3, 2025);
INSERT INTO Matriculas (estudante_id, turma_id, ano) VALUES (1207880, 3, 2025);
INSERT INTO Matriculas (estudante_id, turma_id, ano) VALUES (877663, 3, 2025);
INSERT INTO Matriculas (estudante_id, turma_id, ano) VALUES (1154673, 3, 2025);
INSERT INTO Matriculas (estudante_id, turma_id, ano) VALUES (793120, 3, 2025);
INSERT INTO Matriculas (estudante_id, turma_id, ano) VALUES (1159668, 3, 2025);
INSERT INTO Matriculas (estudante_id, turma_id, ano) VALUES (1172195, 3, 2025);
INSERT INTO Matriculas (estudante_id, turma_id, ano) VALUES (1104626, 3, 2025);
INSERT INTO Matriculas (estudante_id, turma_id, ano) VALUES (1316531, 3, 2025);
INSERT INTO Matriculas (estudante_id, turma_id, ano) VALUES (1315216, 3, 2025);
INSERT INTO Matriculas (estudante_id, turma_id, ano) VALUES (1165925, 3, 2025);
INSERT INTO Matriculas (estudante_id, turma_id, ano) VALUES (1165925, 3, 2025);
INSERT INTO Matriculas (estudante_id, turma_id, ano) VALUES (1360415, 3, 2025);
SELECT * FROM matriculas;

-- AVALIAÇÃO
INSERT INTO Avaliacao (semestre, estudante_id, professor_id, disciplina_id, nt1, com1, nt2, com2, nt3, com3, nt4, com4, nt5, com5, nt6, com6, nt7, com7, nt8, com8, nt9, com9, nt10, com10) 
VALUES ('3º Semestre', 1212962, 16, 1188689, 5, 'Bom', 5, 'Pode melhorar', 5, 'Bom', 5, 'Bom', 5, 'Bom', 5, 'Bom', 5, 'Bom', 5, 'Bom', 5, 'Bom', 5, 'Bom');
INSERT INTO Avaliacao (semestre, estudante_id, professor_id, disciplina_id, nt1, com1, nt2, com2, nt3, com3, nt4, com4, nt5, com5, nt6, com6, nt7, com7, nt8, com8, nt9, com9, nt10, com10) 
VALUES ('3º Semestre', 1212962, 16, 1188690, 5, 'Bom', 5, 'Pode melhorar', 5, 'Bom', 5, 'Bom', 5, 'Bom', 5, 'Bom', 5, 'Bom', 5, 'Bom', 5, 'Bom', 5, 'Bom');
INSERT INTO Avaliacao (semestre, estudante_id, professor_id, disciplina_id, nt1, com1, nt2, com2, nt3, com3, nt4, com4, nt5, com5, nt6, com6, nt7, com7, nt8, com8, nt9, com9, nt10, com10) 
VALUES ('3º Semestre', 1212962, 13, 1188687, 5, 'Bom', 5, 'Pode melhorar', 5, 'Bom', 5, 'Bom', 5, 'Bom', 5, 'Bom', 5, 'Bom', 5, 'Bom', 5, 'Bom', 5, 'Bom');
INSERT INTO Avaliacao (semestre, estudante_id, professor_id, disciplina_id, nt1, com1, nt2, com2, nt3, com3, nt4, com4, nt5, com5, nt6, com6, nt7, com7, nt8, com8, nt9, com9, nt10, com10) 
VALUES ('3º Semestre', 1212962, 6, 1188688, 5, 'Bom', 5, 'Pode melhorar', 5, 'Bom', 5, 'Bom', 5, 'Bom', 5, 'Bom', 5, 'Bom', 5, 'Bom', 5, 'Bom', 5, 'Bom');
INSERT INTO Avaliacao (semestre, estudante_id, professor_id, disciplina_id, nt1, com1, nt2, com2, nt3, com3, nt4, com4, nt5, com5, nt6, com6, nt7, com7, nt8, com8, nt9, com9, nt10, com10) 
VALUES ('3º Semestre', 1212962, 1, 1188678, 5, 'Bom', 5, 'Pode melhorar', 5, 'Bom', 5, 'Bom', 5, 'Bom', 5, 'Bom', 5, 'Bom', 5, 'Bom', 5, 'Bom', 5, 'Bom');
INSERT INTO Avaliacao (semestre, estudante_id, professor_id, disciplina_id, nt1, com1, nt2, com2, nt3, com3, nt4, com4, nt5, com5, nt6, com6, nt7, com7, nt8, com8, nt9, com9, nt10, com10) 
VALUES ('3º Semestre', 1212962, 12, 1188680, 5, 'Bom', 5, 'Pode melhorar', 5, 'Bom', 5, 'Bom', 5, 'Bom', 5, 'Bom', 5, 'Bom', 5, 'Bom', 5, 'Bom', 5, 'Bom');
INSERT INTO Avaliacao (semestre, estudante_id, professor_id, disciplina_id, nt1, com1, nt2, com2, nt3, com3, nt4, com4, nt5, com5, nt6, com6, nt7, com7, nt8, com8, nt9, com9, nt10, com10) 
VALUES ('3º Semestre', 1212962, 2, 1188686, 5, 'Bom', 5, 'Pode melhorar', 5, 'Bom', 5, 'Bom', 5, 'Bom', 5, 'Bom', 5, 'Bom', 5, 'Bom', 5, 'Bom', 5, 'Bom');
INSERT INTO Avaliacao (semestre, estudante_id, professor_id, disciplina_id, nt1, com1, nt2, com2, nt3, com3, nt4, com4, nt5, com5, nt6, com6, nt7, com7, nt8, com8, nt9, com9, nt10, com10) 
VALUES ('3º Semestre', 1212962, 3, 1188679, 5, 'Bom', 5, 'Pode melhorar', 5, 'Bom', 5, 'Bom', 5, 'Bom', 5, 'Bom', 5, 'Bom', 5, 'Bom', 5, 'Bom', 5, 'Bom');
INSERT INTO Avaliacao (semestre, estudante_id, professor_id, disciplina_id, nt1, com1, nt2, com2, nt3, com3, nt4, com4, nt5, com5, nt6, com6, nt7, com7, nt8, com8, nt9, com9, nt10, com10) 
VALUES ('3º Semestre', 1212962, 4, 1188682, 5, 'Bom', 5, 'Pode melhorar', 5, 'Bom', 5, 'Bom', 5, 'Bom', 5, 'Bom', 5, 'Bom', 5, 'Bom', 5, 'Bom', 5, 'Bom');
INSERT INTO Avaliacao (semestre, estudante_id, professor_id, disciplina_id, nt1, com1, nt2, com2, nt3, com3, nt4, com4, nt5, com5, nt6, com6, nt7, com7, nt8, com8, nt9, com9, nt10, com10) 
VALUES ('3º Semestre', 1212962, 11, 1188692, 5, 'Bom', 5, 'Pode melhorar', 5, 'Bom', 5, 'Bom', 5, 'Bom', 5, 'Bom', 5, 'Bom', 5, 'Bom', 5, 'Bom', 5, 'Bom');
INSERT INTO Avaliacao (semestre, estudante_id, professor_id, disciplina_id, nt1, com1, nt2, com2, nt3, com3, nt4, com4, nt5, com5, nt6, com6, nt7, com7, nt8, com8, nt9, com9, nt10, com10) 
VALUES ('3º Semestre', 1212962, 15, 1188681, 5, 'Bom', 5, 'Pode melhorar', 5, 'Bom', 5, 'Bom', 5, 'Bom', 5, 'Bom', 5, 'Bom', 5, 'Bom', 5, 'Bom', 5, 'Bom');
INSERT INTO Avaliacao (semestre, estudante_id, professor_id, disciplina_id, nt1, com1, nt2, com2, nt3, com3, nt4, com4, nt5, com5, nt6, com6, nt7, com7, nt8, com8, nt9, com9, nt10, com10) 
VALUES ('3º Semestre', 1212962, 10, 1188683, 5, 'Bom', 5, 'Pode melhorar', 5, 'Bom', 5, 'Bom', 5, 'Bom', 5, 'Bom', 5, 'Bom', 5, 'Bom', 5, 'Bom', 5, 'Bom');
INSERT INTO Avaliacao (semestre, estudante_id, professor_id, disciplina_id, nt1, com1, nt2, com2, nt3, com3, nt4, com4, nt5, com5, nt6, com6, nt7, com7, nt8, com8, nt9, com9, nt10, com10) 
VALUES ('3º Semestre', 1212962, 7, 1188684, 5, 'Bom', 5, 'Pode melhorar', 5, 'Bom', 5, 'Bom', 5, 'Bom', 5, 'Bom', 5, 'Bom', 5, 'Bom', 5, 'Bom', 5, 'Bom');
INSERT INTO Avaliacao (semestre, estudante_id, professor_id, disciplina_id, nt1, com1, nt2, com2, nt3, com3, nt4, com4, nt5, com5, nt6, com6, nt7, com7, nt8, com8, nt9, com9, nt10, com10) 
VALUES ('3º Semestre', 1212962, 18, 1188693, 5, 'Bom', 5, 'Pode melhorar', 5, 'Bom', 5, 'Bom', 5, 'Bom', 5, 'Bom', 5, 'Bom', 5, 'Bom', 5, 'Bom', 5, 'Bom');
SELECT * FROM avaliacao;
